id,timein,timeout
0924,2017-09-19 18:30:36.201890,2017-09-19 19:03:15.280119
1541,2017-09-19 18:32:29.832460, 
1104,2017-09-19 18:59:35.807394, 
3104,2017-09-20 04:26:56.660216, 
0343,2017-09-20 12:09:41.061321, 
5086,2017-09-20 15:14:52.646926, 
7409,2017-09-20 15:19:30.515156, 
8544,2017-09-20 15:19:48.169482,2017-09-20 16:19:31.697511
6099,2017-09-20 15:19:56.314538, 
5051,2017-09-20 15:20:09.608271, 
8384,2017-09-20 15:30:12.534787,2017-09-20 16:18:28.773131
0420,2017-09-20 15:30:26.540391, 
5897,2017-09-20 15:35:31.674439, 
7624,2017-09-20 15:35:36.401001, 
0047,2017-09-20 16:18:33.661920,2017-09-20 16:18:39.028532
8384,2017-09-20 16:18:50.748096, 
9528,2017-09-20 16:18:51.348251,2017-09-20 16:18:53.752512
0047,2017-09-20 16:19:02.327652, 
1312,2017-09-20 16:19:13.979489, 
7527,2017-09-20 16:19:17.709632, 
5897,2017-09-25 15:10:28.677358, 
5086,2017-09-25 15:11:26.407011,2017-09-25 16:47:46.444141
7075,2017-09-25 15:35:13.376059,2017-09-25 16:54:16.201637
6099,2017-09-25 16:07:08.678456,2017-09-25 17:50:39.698093
9528,2017-09-25 16:38:34.065285, 
3276,2017-09-25 16:38:55.436394, 
7527,2017-09-25 17:10:42.210621,2017-09-25 17:10:50.408039
8311,2017-09-25 17:14:09.710240, 
0047,2017-09-25 18:02:40.964632,2017-09-25 18:02:45.216844
0572,2017-09-25 20:44:03.501624, 
8481,2017-09-27 15:06:31.930634,2017-09-27 16:47:10.049568
7075,2017-09-27 15:06:40.239586,2017-09-27 16:24:30.292809
8384,2017-09-27 15:06:44.784314,2017-09-27 17:33:19.972748
0047,2017-09-27 15:07:00.226278,2017-09-27 16:57:18.627617
9002,2017-09-27 15:07:14.982009,2017-09-27 17:52:18.476620
1312,2017-09-27 15:07:18.678541,2017-09-27 17:10:54.837163
3276,2017-09-27 15:07:22.877067, 
2395,2017-09-27 15:07:42.295474,2017-09-27 17:30:45.956477
0246,2017-09-27 15:07:46.452284,2017-09-27 15:39:27.514794
0338,2017-09-27 15:08:11.625514, 
7527,2017-09-27 15:08:19.818493,2017-09-27 17:10:05.758977
0115,2017-09-27 15:10:13.261339,2017-09-27 17:58:06.664414
5086,2017-09-27 15:18:25.285713, 
6099,2017-09-27 15:23:09.430827,2017-09-27 17:08:05.543119
0644,2017-09-27 15:23:20.344354,2017-09-27 17:13:01.402153
3944,2017-09-27 16:39:44.062627,2017-09-27 16:42:49.815084
3517,2017-09-27 16:42:17.816928,2017-09-27 16:42:34.885088
3944,2017-09-27 16:42:54.773866, 
7527,2017-09-27 17:10:11.641916,2017-09-27 17:10:14.338147
7624,2017-09-27 17:22:52.729931, 
6502,2017-09-27 17:33:25.907507,2017-09-27 17:33:32.260353
5657,2017-09-27 20:35:55.849037, 
9401,2017-09-28 01:02:43.035826,2017-09-28 01:04:39.993092
9401,2017-09-28 01:05:21.794523,2017-09-28 01:07:06.098248
0047,2017-09-29 15:10:11.624552,2017-09-29 17:45:37.923424
5086,2017-09-29 15:10:24.566217, 
3276,2017-09-29 15:10:25.861356, 
2395,2017-09-29 15:10:31.601073,2017-09-29 17:45:51.451198
6099,2017-09-29 15:10:33.491268,2017-09-29 17:44:15.796621
0115,2017-09-29 15:10:36.809798,2017-09-29 17:47:09.347473
0338,2017-09-29 15:10:40.364188, 
0246,2017-09-29 15:10:42.926592, 
2184,2017-09-29 15:10:45.222855,2017-09-29 16:57:57.693442
0644,2017-09-29 15:10:47.907247,2017-09-29 16:56:43.683744
8384,2017-09-29 15:10:52.385777, 
9002,2017-09-29 15:11:08.889906,2017-09-29 17:44:43.778363
7409,2017-09-29 15:11:10.922142, 
9528,2017-09-29 15:11:27.068301,2017-09-29 17:46:18.800855
7196,2017-09-29 15:11:31.625149, 
5051,2017-09-29 15:25:11.298926, 
7527,2017-09-29 15:25:34.665905,2017-09-29 17:17:15.044788
6467,2017-09-29 15:28:36.717432, 
8481,2017-09-29 15:52:43.463064, 
5900,2017-09-29 20:29:58.585267,2017-09-29 20:30:11.319124
5900,2017-09-29 20:30:30.723265,2017-09-29 20:30:54.924641
6244,2017-09-29 22:02:32.171204, 
0702,2017-10-01 09:38:06.069756, 
0376,2017-10-01 22:52:32.163864, 
5739,2017-10-02 07:04:48.941794, 
1024,2017-10-02 12:30:10.731562, 
1001,2017-10-02 12:30:23.769416, 
6099,2017-10-02 15:07:25.178864,2017-10-02 17:32:38.624806
0047,2017-10-02 15:07:34.618104,2017-10-02 17:55:15.218528
8384,2017-10-02 15:08:10.982898,2017-10-02 17:14:37.562088
7409,2017-10-02 15:08:54.978665, 
5051,2017-10-02 15:09:11.634849,2017-10-02 16:35:11.887361
7527,2017-10-02 15:10:34.941586,2017-10-02 16:38:57.406830
6621,2017-10-02 15:12:40.688165, 
7075,2017-10-02 15:13:00.962705,2017-10-02 16:58:54.583147
0989,2017-10-02 15:13:36.039355,2017-10-02 16:35:00.813923
8481,2017-10-02 15:19:20.730227,2017-10-02 17:02:26.326835
6502,2017-10-02 15:28:04.504841, 
6467,2017-10-02 15:30:48.540332,2017-10-02 17:02:16.103434
2184,2017-10-02 15:43:17.262180, 
8299,2017-10-03 19:18:52.908627, 
6579,2017-10-04 01:57:08.855603, 
2184,2017-10-04 15:07:18.356347,2017-10-04 17:11:37.967785
8481,2017-10-04 15:07:22.662841,2017-10-04 17:09:45.655018
1198,2017-10-04 15:07:24.505010, 
7075,2017-10-04 15:07:27.539463,2017-10-04 17:18:02.281868
0047,2017-10-04 15:08:02.968052,2017-10-04 17:05:49.606225
6099,2017-10-04 15:08:15.871776,2017-10-04 17:24:47.351005
8384,2017-10-04 15:08:28.277323,2017-10-04 17:11:21.639585
1312,2017-10-04 15:08:29.587538,2017-10-04 17:02:03.034401
0338,2017-10-04 15:08:33.896074, 
2395,2017-10-04 15:08:36.304341,2017-10-04 17:35:35.407501
0115,2017-10-04 15:08:38.992718,2017-10-04 17:31:46.579715
7409,2017-10-04 15:08:41.286898, 
0644,2017-10-04 15:08:47.287839,2017-10-04 17:16:00.283962
7624,2017-10-04 15:09:18.143774, 
7527,2017-10-04 15:09:22.262450,2017-10-04 17:26:59.766207
7196,2017-10-04 15:09:27.020882, 
0989,2017-10-04 15:13:17.090675, 
5051,2017-10-04 15:14:34.953025, 
3896,2017-10-04 18:18:51.563035, 
3996,2017-10-04 18:44:30.777026, 
0120,2017-10-06 04:08:46.991707, 
0201,2017-10-06 09:24:15.851037,2017-10-06 09:24:21.169731
0201,2017-10-06 09:24:43.838553, 
1110,2017-10-06 12:51:23.049131,2017-10-06 12:58:56.960182
8481,2017-10-06 15:02:00.252713,2017-10-06 15:02:17.123137
0047,2017-10-06 15:02:05.727273,2017-10-06 17:52:03.590294
8481,2017-10-06 15:02:19.254995,2017-10-06 18:43:12.594403
1198,2017-10-06 15:04:48.778561,2017-10-06 18:43:42.342318
8384,2017-10-06 15:06:07.162911,2017-10-06 16:56:51.328131
0644,2017-10-06 15:06:33.540370,2017-10-06 17:28:57.844744
7527,2017-10-06 15:07:16.645897,2017-10-06 17:24:25.088989
6099,2017-10-06 15:07:21.680533,2017-10-06 18:38:28.459253
0115,2017-10-06 15:10:36.700287,2017-10-06 16:33:27.156053
7075,2017-10-06 15:17:17.643239,2017-10-06 18:43:47.294960
1312,2017-10-06 15:23:22.530783,2017-10-06 17:02:23.829703
7624,2017-10-06 16:00:48.961444, 
6467,2017-10-06 16:00:59.728798,2017-10-06 17:43:17.371404
1312,2017-10-06 17:03:03.218873,2017-10-06 17:19:03.162737
8715,2017-10-06 19:19:23.971108,2017-10-06 19:20:16.719901
8715,2017-10-06 19:20:32.231947,2017-10-06 19:20:47.471847
8715,2017-10-06 19:21:10.422946,2017-10-06 19:21:23.916652
8715,2017-10-06 19:21:28.305564,2017-10-06 19:21:35.984358
8715,2017-10-06 19:21:51.140344,2017-10-06 19:22:08.593269
8715,2017-10-06 19:22:25.292836, 
0904,2017-10-06 20:47:55.486966, 
8002,2017-10-07 12:29:03.035806, 
1953,2017-10-07 17:30:57.269615, 
2836,2017-10-07 18:14:17.438245,2017-10-07 18:15:28.339469
4703,2017-10-09 04:12:07.103265, 
7602,2017-10-09 04:34:28.717042, 
1312,2017-10-09 14:41:32.099557,2017-10-09 16:58:11.516655
8481,2017-10-09 14:57:43.786871,2017-10-09 16:48:07.558238
6099,2017-10-09 15:02:43.686299,2017-10-09 18:16:40.858221
6321,2017-10-09 15:02:51.465299, 
0644,2017-10-09 15:03:37.793371,2017-10-09 17:37:16.923576
1198,2017-10-09 15:04:04.126816, 
0047,2017-10-09 15:04:05.958995,2017-10-09 17:55:05.701334
8144,2017-10-09 15:08:21.390398, 
7527,2017-10-09 15:08:39.218765,2017-10-09 17:51:19.798232
0989,2017-10-09 15:09:28.949313,2017-10-09 16:22:34.355932
5051,2017-10-09 15:09:30.293459,2017-10-09 16:30:27.524900
8384,2017-10-09 15:10:15.855406,2017-10-09 17:45:30.300366
0115,2017-10-09 15:10:50.290001,2017-10-09 17:57:59.737514
8230,2017-10-09 15:18:29.170159,2017-10-09 16:45:09.987354
9528,2017-10-09 15:19:08.309289,2017-10-09 17:42:06.585173
7409,2017-10-09 15:31:21.297264, 
2184,2017-10-09 15:18:32.937120,2017-10-09 16:24:41.745207
7075,2017-10-09 15:20:07.897711,2017-10-09 16:50:46.667364
6237,2017-10-09 17:44:36.222330, 
0076,2017-10-10 02:42:28.335493, 
7320,2017-10-10 23:15:24.557616, 
1198,2017-10-11 15:06:32.635313,2017-10-11 17:15:52.958018
2184,2017-10-11 15:06:39.722201,2017-10-11 16:58:41.508888
2395,2017-10-11 15:07:56.324638,2017-10-11 17:50:42.385440
0338,2017-10-11 15:07:59.636692, 
0989,2017-10-11 15:08:04.469278,2017-10-11 16:24:35.987537
6099,2017-10-11 15:08:16.816954,2017-10-11 16:09:47.735166
8481,2017-10-11 15:08:19.535616,2017-10-11 17:15:01.437224
7527,2017-10-11 15:08:22.951764,2017-10-11 17:25:18.580057
0047,2017-10-11 15:08:28.994587,2017-10-11 17:10:55.661055
7075,2017-10-11 15:08:31.160688,2017-10-11 16:54:00.148159
0851,2017-10-11 15:09:03.070943,2017-10-11 16:36:47.281139
7409,2017-10-11 15:09:10.397833, 
0115,2017-10-11 15:10:05.125196,2017-10-11 18:06:49.197594
7624,2017-10-11 15:11:44.058056, 
6502,2017-10-11 15:22:22.617523, 
1312,2017-10-11 15:22:24.293722,2017-10-11 17:17:19.827391
8144,2017-10-11 15:23:32.826512, 
1110,2017-10-11 16:16:20.324778, 
9645,2017-10-11 16:35:19.695668,2017-10-11 17:50:23.825123
1807,2017-10-12 18:41:51.179983,2017-10-12 18:43:00.751081
1807,2017-10-12 18:43:23.252017,2017-10-12 18:44:00.495236
1807,2017-10-12 18:48:17.056352,2017-10-12 18:48:55.251372
1807,2017-10-12 18:52:59.337362,2017-10-12 18:53:38.128413
1807,2017-10-12 18:53:42.995042, 
2395,2017-10-13 15:05:51.706772,2017-10-13 16:46:46.022310
6099,2017-10-13 15:05:53.516762,2017-10-13 17:38:10.097173
8481,2017-10-13 15:05:55.295236, 
0047,2017-10-13 15:06:18.270189,2017-10-13 17:52:29.549330
8384,2017-10-13 15:07:12.603281, 
7409,2017-10-13 15:08:06.528374, 
0115,2017-10-13 15:08:08.992455,2017-10-13 16:33:52.405943
1281,2017-10-13 15:08:10.334176,2017-10-13 16:44:04.625402
0365,2017-10-13 15:08:11.749691,2017-10-13 17:00:18.208129
9500,2017-10-13 15:08:20.270128,2017-10-13 16:35:16.056943
7619,2017-10-13 15:08:27.621105, 
0851,2017-10-13 15:08:36.754286, 
8144,2017-10-13 15:09:07.280298,2017-10-13 18:00:44.632387
7527,2017-10-13 15:09:15.405363,2017-10-13 17:17:49.917565
5051,2017-10-13 15:11:29.836913,2017-10-13 17:00:15.185903
6640,2017-10-15 01:03:14.619119, 
8942,2017-10-15 01:09:18.996729, 
8642,2017-10-15 01:15:18.341654, 
8481,2017-10-16 15:05:41.107981, 
1198,2017-10-16 15:05:50.267164, 
0047,2017-10-16 15:06:06.263220,2017-10-16 17:58:53.133155
0644,2017-10-16 15:06:07.291381,2017-10-16 15:07:19.558761
2184,2017-10-16 15:06:09.801698,2017-10-16 16:58:30.851583
8384,2017-10-16 15:06:55.097698,2017-10-16 16:24:56.924162
6099,2017-10-16 15:06:58.304001,2017-10-16 15:07:03.168495
6099,2017-10-16 15:07:05.505093,2017-10-16 17:32:26.243973
6679,2017-10-16 15:07:10.851649, 
0115,2017-10-16 15:07:17.328645,2017-10-16 17:58:41.041565
0644,2017-10-16 15:07:26.581749,2017-10-16 17:05:50.945179
7409,2017-10-16 15:07:28.651846, 
0365,2017-10-16 15:07:30.544133,2017-10-16 15:36:04.476271
8230,2017-10-16 15:07:34.288546, 
7938,2017-10-16 15:07:36.825189,2017-10-16 15:07:40.345495
7988,2017-10-16 15:07:37.616969, 
7938,2017-10-16 15:07:42.471730,2017-10-16 15:10:58.859481
7527,2017-10-16 15:08:10.947480,2017-10-16 16:05:46.789384
5051,2017-10-16 15:09:06.520773,2017-10-16 16:33:02.723972
7075,2017-10-16 15:35:01.674060,2017-10-16 17:03:06.393737
0837,2017-10-16 16:17:29.761488,2017-10-16 16:25:59.940276
8481,2017-10-18 15:11:39.538196,2017-10-18 17:02:46.332225
1198,2017-10-18 15:11:42.250968,2017-10-18 17:02:51.947021
6099,2017-10-18 15:12:27.876590,2017-10-18 16:56:43.232779
1312,2017-10-18 15:12:40.002271,2017-10-18 17:02:12.998024
7527,2017-10-18 15:13:15.763000,2017-10-18 17:10:38.294285
1281,2017-10-18 15:13:24.078173,2017-10-18 16:40:00.564028
0644,2017-10-18 15:13:28.208708,2017-10-18 17:26:59.983287
0047,2017-10-18 15:14:00.218998,2017-10-18 17:31:41.714396
8131,2017-10-18 15:14:19.819624,2017-10-18 16:35:27.871331
2399,2017-10-18 15:14:31.631144,2017-10-18 15:28:49.647964
0115,2017-10-18 15:16:03.813542, 
0338,2017-10-18 15:16:28.994918, 
4666,2017-10-18 15:16:59.708903,2017-10-18 17:31:24.428247
8384,2017-10-18 15:17:12.270673,2017-10-18 16:49:56.765706
8144,2017-10-18 15:17:52.853963, 
0989,2017-10-18 15:19:03.201540,2017-10-18 16:42:31.918293
5051,2017-10-18 15:19:05.475818,2017-10-18 16:47:37.209207
0365,2017-10-18 15:49:02.632482, 
7409,2017-10-18 15:49:04.240636, 
0540,2017-10-19 20:49:55.492709, 
1540,2017-10-19 20:57:58.338189,2017-10-19 20:59:53.751332
6540,2017-10-19 21:01:43.471647,2017-10-19 21:11:18.890107
6940,2017-10-19 21:03:57.203428, 
1540,2017-10-19 21:05:23.632956, 
3080,2017-10-19 21:11:34.276233, 
6540,2017-10-19 21:11:36.970648,2017-10-19 21:16:31.259842
6940,2017-10-19 21:14:37.158651, 
6540,2017-10-19 21:18:37.716656,2017-10-19 21:19:27.019219
6540,2017-10-19 21:19:46.417801,2017-10-19 21:21:32.709797
6540,2017-10-19 21:21:39.286694,2017-10-19 21:22:45.319528
6540,2017-10-19 21:23:21.142339,2017-10-19 21:25:37.772509
6540,2017-10-19 21:27:02.817814,2017-10-19 21:27:24.858750
6540,2017-10-19 21:38:39.254185, 
1198,2017-10-20 15:13:49.824329, 
8481,2017-10-20 15:14:02.217862, 
0338,2017-10-20 15:14:13.569448, 
6502,2017-10-20 15:14:31.273713, 
7551,2017-10-20 15:14:47.193743, 
7075,2017-10-20 15:15:04.470112, 
0047,2017-10-20 15:15:31.947736,2017-10-20 17:45:52.705954
7409,2017-10-20 15:15:37.854504, 
0365,2017-10-20 15:15:40.312834, 
4666,2017-10-20 15:16:03.307783,2017-10-20 17:38:04.254307
5051,2017-10-20 15:16:20.458039, 
1275,2017-10-20 15:16:49.317746, 
7527,2017-10-20 15:18:24.372270,2017-10-20 15:46:52.158836
1312,2017-10-20 15:19:44.153038,2017-10-20 17:45:15.203035
8384,2017-10-20 15:30:45.647405, 
1837,2017-10-20 21:23:59.005197,2017-10-20 21:36:08.979274
1837,2017-10-20 21:48:35.967718, 
3497,2017-10-21 04:43:28.585613,2017-10-21 05:18:39.954957
3497,2017-10-21 05:28:06.489815, 
3466,2017-10-21 09:28:35.861385,2017-10-21 09:31:06.634399
3466,2017-10-21 09:32:16.469145,2017-10-21 09:33:37.135233
3466,2017-10-21 09:33:48.736832,2017-10-21 09:38:07.961551
3466,2017-10-21 09:41:04.345716,2017-10-21 09:41:51.531581
3466,2017-10-21 09:42:45.640255,2017-10-21 09:44:58.326601
3466,2017-10-21 10:05:57.405654,2017-10-21 10:06:41.039288
7905,2017-10-22 08:14:09.976644,2017-10-22 08:18:46.310518
6909,2017-10-22 11:38:21.438123, 
7767,2017-10-22 14:47:25.079119, 
2125,2017-10-23 07:18:08.220418,2017-10-23 07:18:53.298460
2125,2017-10-23 07:21:42.353330,2017-10-23 07:22:24.391030
2125,2017-10-23 07:32:18.427224,2017-10-23 08:11:35.553126
2125,2017-10-23 08:16:31.876093, 
2125,2017-10-23 08:18:33.364070, 
3697,2017-10-23 11:08:29.373782,2017-10-23 11:14:26.995329
3657,2017-10-23 11:30:06.703062, 
5153,2017-10-23 13:08:50.419616, 
8004,2017-10-23 15:05:48.511677, 
8481,2017-10-23 15:08:54.364125, 
1198,2017-10-23 15:08:55.782214, 
2184,2017-10-23 15:08:57.904606,2017-10-23 16:00:17.986457
7075,2017-10-23 15:08:59.258797,2017-10-23 16:36:37.086356
7551,2017-10-23 15:09:09.910102,2017-10-23 16:47:29.303256
0338,2017-10-23 15:09:11.890407, 
0644,2017-10-23 15:09:39.010065,2017-10-23 17:10:11.865289
1312,2017-10-23 15:10:17.119021,2017-10-23 17:08:16.119960
7527,2017-10-23 15:10:45.000623,2017-10-23 17:07:22.180981
0115,2017-10-23 15:10:55.606096,2017-10-23 17:47:19.924182
7409,2017-10-23 15:11:04.227177, 
0047,2017-10-23 15:11:34.669342,2017-10-23 17:58:50.308594
5051,2017-10-23 15:14:34.903027,2017-10-23 16:31:01.982746
6099,2017-10-23 15:14:53.197436,2017-10-23 17:47:26.915080
6502,2017-10-23 15:16:25.489576, 
2605,2017-10-23 15:39:30.083292,2017-10-23 15:54:50.947535
1994,2017-10-24 02:06:06.105213, 
0338,2017-10-25 15:12:44.451219, 
5051,2017-10-25 15:22:30.955892, 
7075,2017-10-25 15:38:24.154193,2017-10-25 17:16:39.585685
2184,2017-10-25 15:38:29.398740, 
7527,2017-10-25 15:38:32.207222,2017-10-25 17:11:02.717420
1198,2017-10-25 15:38:35.953729, 
6099,2017-10-25 15:39:17.267167,2017-10-25 16:59:37.052417
7551,2017-10-25 15:40:12.882378,2017-10-25 17:02:17.159285
0047,2017-10-25 15:40:43.984426,2017-10-25 16:36:41.723581
0115,2017-10-25 15:40:48.708980, 
9645,2017-10-25 15:40:54.067678, 
4666,2017-10-25 15:41:03.744994,2017-10-25 17:06:12.397903
1312,2017-10-25 15:58:15.903550,2017-10-25 17:06:51.184954
6099,2017-10-27 15:10:13.274525,2017-10-27 16:17:15.290480
1312,2017-10-27 15:10:21.287635,2017-10-27 17:05:30.309303
0644,2017-10-27 15:10:28.812504,2017-10-27 16:36:51.850945
7527,2017-10-27 15:13:53.191440,2017-10-27 16:36:48.835033
0338,2017-10-27 15:13:56.787902, 
4666,2017-10-27 15:23:33.985510,2017-10-27 17:49:31.142565
8384,2017-10-27 15:24:55.702235,2017-10-27 17:08:39.759000
0047,2017-10-27 16:10:07.856572,2017-10-27 16:10:15.509640
0047,2017-10-27 16:10:20.300235,2017-10-27 17:49:51.873231
6099,2017-10-27 16:17:17.758713,2017-10-27 17:34:43.034155
5051,2017-10-27 16:27:31.047905,2017-10-27 16:56:42.378276
7409,2017-10-27 16:35:16.950866, 
0644,2017-10-27 16:36:54.072240,2017-10-27 16:36:56.093632
7623,2017-10-27 18:20:41.026839, 
7679,2017-10-27 19:07:01.412355,2017-10-27 19:09:10.433173
7142,2017-10-28 09:19:06.222504,2017-10-28 09:24:22.247111
7142,2017-10-28 09:28:09.742792,2017-10-28 09:44:34.561222
7142,2017-10-28 09:46:48.474744,2017-10-28 09:46:51.919096
7142,2017-10-28 09:51:40.322766,2017-10-28 09:52:17.067508
7142,2017-10-28 09:59:15.462235,2017-10-28 10:03:25.376952
0862,2017-10-28 10:33:19.039675, 
9898,2017-10-28 11:15:08.993502,2017-10-28 11:22:25.570348
1896,2017-10-28 17:29:20.006811, 
9898,2017-10-28 18:11:34.087628,2017-10-28 18:42:12.225754
9898,2017-10-28 19:36:20.725291, 
1078,2017-10-29 13:11:32.250973,2017-10-29 13:22:19.709509
1078,2017-10-29 13:22:38.595912,2017-10-29 13:23:26.374350
1078,2017-10-29 13:25:36.011238,2017-10-29 13:26:35.453126
1078,2017-10-29 13:27:59.327976,2017-10-29 13:32:20.760117
3125,2017-10-30 00:23:48.699956, 
1602,2017-10-30 15:54:55.410770, 
1078,2017-10-31 00:14:39.134896,2017-10-31 00:35:17.850609
1078,2017-10-31 00:51:36.160406,2017-10-31 01:02:47.235991
1078,2017-10-31 01:04:46.971776,2017-10-31 01:15:46.921986
1078,2017-10-31 02:01:56.270652, 
2608,2017-10-31 02:12:17.351945, 
0778,2017-10-31 03:03:49.614844, 
4455,2017-10-31 14:15:23.745077, 
6550,2017-10-31 20:54:56.592832, 
8849,2017-11-01 09:58:41.204767, 
0047,2017-11-01 13:57:50.872836,2017-11-01 16:52:01.281179
0115,2017-11-01 13:57:59.006040,2017-11-01 17:58:01.865840
8384,2017-11-01 13:59:00.296037, 
0644,2017-11-01 14:20:01.606591,2017-11-01 15:26:10.108916
7527,2017-11-01 14:24:37.832803,2017-11-01 15:31:59.714546
6129,2017-11-02 08:25:51.253709, 
0522,2017-11-03 13:01:43.136155, 
6099,2017-11-03 15:08:29.967883,2017-11-03 17:08:30.447445
0047,2017-11-03 15:08:56.017116,2017-11-03 17:52:12.679364
9528,2017-11-03 15:09:26.163206,2017-11-03 17:52:08.024684
7409,2017-11-03 15:09:38.230804, 
4666,2017-11-03 15:17:17.156798,2017-11-03 17:52:03.554172
8384,2017-11-03 15:24:02.829789,2017-11-03 15:41:23.856089
8384,2017-11-03 15:41:29.136710,2017-11-03 16:11:08.869196
0644,2017-11-03 16:04:41.098586,2017-11-03 17:21:50.593794
2221,2017-11-04 19:19:11.310367, 
6221,2017-11-04 19:26:53.560595,2017-11-04 19:26:59.819541
6221,2017-11-04 19:41:56.152237, 
0338,2017-11-06 15:11:27.012163,2017-11-06 17:26:01.903979
0047,2017-11-06 15:11:57.700214,2017-11-06 17:41:07.772795
8384,2017-11-06 15:14:54.385366,2017-11-06 16:52:44.828581
7409,2017-11-06 15:16:02.134097, 
0644,2017-11-06 15:43:56.469270,2017-11-06 17:12:41.614839
0115,2017-11-06 15:50:31.298974,2017-11-06 17:35:52.645386
9649,2017-11-06 16:03:45.631854, 
7510,2017-11-06 20:34:38.668821, 
5705,2017-11-07 10:06:59.954285,2017-11-07 10:09:42.225552
2657,2017-11-07 11:34:45.830909, 
0115,2017-11-08 15:07:40.423574,2017-11-08 16:55:10.483468
0047,2017-11-08 15:09:07.178939,2017-11-08 15:09:12.771602
0047,2017-11-08 15:09:16.776821,2017-11-08 17:49:45.376319
4666,2017-11-08 15:09:19.248367,2017-11-08 17:03:13.562703
0338,2017-11-08 15:10:48.886110,2017-11-08 16:55:05.626752
1281,2017-11-08 15:13:45.179145, 
8921,2017-11-09 00:03:08.556175, 
1800,2017-11-09 14:13:31.294334, 
3072,2017-11-10 16:35:26.558528, 
4508,2017-11-12 17:56:23.749640,2017-11-12 18:02:49.996054
4508,2017-11-12 18:05:51.863898,2017-11-12 18:14:20.382142
4508,2017-11-12 18:17:52.712074,2017-11-12 18:19:09.089931
4508,2017-11-12 18:29:33.845592,2017-11-12 18:31:48.455040
4508,2017-11-12 18:33:50.599111,2017-11-12 18:40:54.020374
4508,2017-11-12 18:44:48.328956,2017-11-12 18:45:23.563445
4508,2017-11-12 18:45:53.537355,2017-11-12 18:46:36.978979
4508,2017-11-12 18:49:27.739427,2017-11-12 18:51:39.712519
4508,2017-11-12 18:53:43.084748,2017-11-12 18:54:35.619561
4508,2017-11-12 18:57:56.171727,2017-11-12 19:10:42.199462
0115,2017-11-13 15:07:56.793394,2017-11-13 17:51:50.120483
0338,2017-11-13 15:08:41.019194, 
0047,2017-11-13 15:08:46.464110,2017-11-13 16:32:39.576076
6502,2017-11-13 15:38:15.291959, 
0242,2017-11-14 17:17:24.061213, 
3926,2017-11-14 22:48:32.698332, 
0644,2017-11-15 15:11:41.566562,2017-11-15 17:32:25.654645
0047,2017-11-15 15:13:03.553270,2017-11-15 17:33:28.753083
0115,2017-11-15 15:13:08.167778, 
9538,2017-11-16 17:14:17.600021,2017-11-16 17:16:54.228539
9538,2017-11-16 17:19:03.643488, 
9514,2017-11-16 17:25:25.771287, 
0047,2017-11-17 15:08:11.049953,2017-11-17 16:56:19.472249
6099,2017-11-17 15:09:11.355933,2017-11-17 17:59:08.983081
0644,2017-11-17 15:09:15.356433,2017-11-17 17:23:34.444295
0115,2017-11-17 15:09:19.334960,2017-11-17 17:21:13.457810
4666,2017-11-17 15:09:44.556294,2017-11-17 17:20:32.246362
2822,2017-11-20 03:34:40.362871, 
9745,2017-11-21 22:48:14.605854, 
8467,2017-11-22 01:38:23.964616,2017-11-22 01:44:27.283821
9745,2017-11-22 08:30:35.835241, 
3342,2017-11-23 19:38:35.485404, 
3876,2017-11-24 09:02:57.565830,2017-11-24 09:03:15.856270
3876,2017-11-24 09:33:13.479659, 
7942,2017-11-24 12:20:21.916011, 
2342,2017-11-24 13:12:05.846033, 
3056,2017-11-25 04:11:57.967760,2017-11-25 04:12:02.432289
3056,2017-11-25 04:13:08.202891,2017-11-25 04:15:34.959983
3056,2017-11-25 04:16:00.275335,2017-11-25 04:16:26.952835
3056,2017-11-25 04:19:43.984601,2017-11-25 04:20:02.039000
3056,2017-11-25 04:22:55.943754,2017-11-25 04:26:06.960647
3056,2017-11-25 04:29:57.636884, 
0644,2017-11-27 15:04:27.227922,2017-11-27 16:42:40.777987
0047,2017-11-27 15:05:00.940372,2017-11-27 17:40:40.844432
0115,2017-11-27 15:09:10.571190,2017-11-27 16:17:19.413967
2309,2017-11-27 19:24:05.908992, 
2693,2017-11-28 12:10:08.277771,2017-11-28 12:13:18.658661
4317,2017-11-29 03:17:43.781579, 
0644,2017-11-29 15:26:07.120420,2017-11-29 17:12:24.142350
0047,2017-11-29 15:26:38.716670,2017-11-29 15:28:26.010881
4666,2017-11-29 15:28:23.468577,2017-11-29 17:02:27.565343
0047,2017-11-29 15:28:32.581673,2017-11-29 17:01:10.607392
0115,2017-11-29 15:29:07.744329,2017-11-29 17:40:41.708629
6099,2017-11-29 15:54:57.258329,2017-11-29 17:02:37.236587
0047,2017-12-01 14:51:21.518618,2017-12-01 17:18:09.463573
6099,2017-12-01 15:04:00.355892,2017-12-01 17:37:44.105022
7527,2017-12-01 15:05:21.210362,2017-12-01 16:47:34.557718
0115,2017-12-01 15:06:40.670769,2017-12-01 16:28:11.241104
5051,2017-12-01 15:14:18.194611,2017-12-01 16:47:07.462153
4666,2017-12-01 15:14:35.530874,2017-12-01 17:02:23.641961
7575,2017-12-02 07:42:28.594773,2017-12-02 07:48:05.506912
0047,2017-12-04 15:04:53.772937,2017-12-04 18:08:38.974082
0115,2017-12-04 15:09:23.332364, 
6099,2017-12-04 15:13:27.470076,2017-12-04 15:55:40.165434
7527,2017-12-04 15:28:44.077959,2017-12-04 16:08:06.559031
2863,2017-12-04 18:51:18.794324, 
0927,2017-12-05 04:36:58.427724, 
8404,2017-12-06 10:51:33.210389,2017-12-06 11:00:02.673165
8404,2017-12-06 12:40:28.169501,2017-12-06 12:40:41.313347
6099,2017-12-06 15:09:54.073450,2017-12-06 16:00:29.311965
4666,2017-12-06 15:10:05.954971,2017-12-06 16:43:59.836469
0644,2017-12-06 15:10:08.307271,2017-12-06 17:42:55.945017
7527,2017-12-06 15:10:36.354984,2017-12-06 17:00:18.071087
3033,2017-12-06 15:10:39.253421, 
7409,2017-12-06 15:10:56.203585, 
0365,2017-12-06 15:11:03.660503, 
7196,2017-12-06 15:11:08.935255, 
9528,2017-12-06 15:11:51.288736,2017-12-06 16:59:43.328711
1281,2017-12-06 15:41:44.631191,2017-12-06 15:41:50.291891
9500,2017-12-06 15:41:46.075391,2017-12-06 17:02:11.089877
1281,2017-12-06 15:43:20.825669,2017-12-06 17:02:15.602429
0047,2017-12-06 16:00:59.813896,2017-12-06 17:50:12.082449
0115,2017-12-06 16:01:07.422851,2017-12-06 17:28:53.864151
2483,2017-12-06 16:01:41.371321, 
4588,2017-12-06 22:06:09.289180, 
8822,2017-12-07 16:25:58.673750,2017-12-07 18:24:13.241411
8882,2017-12-07 18:26:10.434883,2017-12-07 18:30:07.158110
8882,2017-12-07 18:32:03.997568,2017-12-07 18:33:04.727621
8822,2017-12-07 18:38:50.027086,2017-12-07 18:42:06.146885
8822,2017-12-07 18:44:04.128347,2017-12-07 18:50:15.241087
